"Argentina",1980,
"Argentina",1981,
"Argentina",1982,
"Argentina",1983,
"Argentina",1984,
"Argentina",1985,
"Argentina",1986,
"Argentina",1987,
"Argentina",1988,
"Argentina",1989,
"Argentina",1990,38.7115384615
"Argentina",1991,
"Argentina",1992,
"Argentina",1993,
"Argentina",1994,
"Argentina",1995,
"Argentina",1996,
"Argentina",1997,38.7884615385
"Argentina",1998,
"Argentina",1999,35
"Argentina",2000,
"Argentina",2001,
"Argentina",2002,
"Argentina",2003,
"Argentina",2004,
"Argentina",2005,
"Argentina",2006,
"Argentina",2007,
"Australia",1980,34.5788456843
"Australia",1981,34.5788456843
"Australia",1982,34.3769226074
"Australia",1983,34.1173072228
"Australia",1984,34.4153841459
"Australia",1985,34.338461069
"Australia",1986,34.4826918382
"Australia",1987,34.6557687613
"Australia",1988,34.8192302997
"Australia",1989,34.7096158541
"Australia",1990,34.525000939
"Australia",1991,34.136537992
"Australia",1992,34.3365384615
"Australia",1993,34.6038466233
"Australia",1994,34.7442298302
"Australia",1995,34.6634615385
"Australia",1996,34.5961538462
"Australia",1997,34.5230759841
"Australia",1998,34.3942307692
"Australia",1999,34.363462008
"Australia",2000,34.3326932467
"Australia",2001,33.7423072228
"Australia",2002,33.4673086313
"Australia",2003,33.411538931
"Australia",2004,33.5961538462
"Australia",2005,33.2980769231
"Australia",2006,33.1403855544
"Australia",2007,33.1096144456
"Austria",1980,
"Austria",1981,
"Austria",1982,
"Austria",1983,
"Austria",1984,
"Austria",1985,
"Austria",1986,
"Austria",1987,
"Austria",1988,
"Austria",1989,
"Austria",1990,
"Austria",1991,
"Austria",1992,
"Austria",1993,
"Austria",1994,
"Austria",1995,31.661538931
"Austria",1996,31.9980773926
"Austria",1997,32.0730778621
"Austria",1998,31.9903846154
"Austria",1999,31.4923072228
"Austria",2000,31.3788452148
"Austria",2001,31.3519240159
"Austria",2002,31.3846153846
"Austria",2003,31.5673076923
"Austria",2004,31.7365394005
"Austria",2005,31.8442312387
"Austria",2006,31.8173076923
"Austria",2007,31.7613454965
"Bangladesh",1980,
"Bangladesh",1981,
"Bangladesh",1982,
"Bangladesh",1983,
"Bangladesh",1984,
"Bangladesh",1985,
"Bangladesh",1986,
"Bangladesh",1987,
"Bangladesh",1988,
"Bangladesh",1989,
"Bangladesh",1990,
"Bangladesh",1991,
"Bangladesh",1992,
"Bangladesh",1993,
"Bangladesh",1994,44.25
"Bangladesh",1995,
"Bangladesh",1996,
"Bangladesh",1997,
"Bangladesh",1998,
"Bangladesh",1999,
"Bangladesh",2000,
"Bangladesh",2001,
"Bangladesh",2002,
"Bangladesh",2003,
"Bangladesh",2004,
"Bangladesh",2005,
"Bangladesh",2006,
"Bangladesh",2007,
"Belgium",1980,
"Belgium",1981,
"Belgium",1982,
"Belgium",1983,34
"Belgium",1984,34.4807692308
"Belgium",1985,34.5961538462
"Belgium",1986,34.2115384615
"Belgium",1987,33.9038461538
"Belgium",1988,33.6538461538
"Belgium",1989,33.4807692308
"Belgium",1990,33.7307692308
"Belgium",1991,32.9807692308
"Belgium",1992,32.5576923077
"Belgium",1993,31.6538461538
"Belgium",1994,31.6538461538
"Belgium",1995,32.1923076923
"Belgium",1996,31.6538461538
"Belgium",1997,31.9230769231
"Belgium",1998,32.1538461538
"Belgium",1999,30.4038461538
"Belgium",2000,29.8846153846
"Belgium",2001,30.3269230769
"Belgium",2002,30.3653846154
"Belgium",2003,30.2884615385
"Belgium",2004,29.7884615385
"Belgium",2005,30.0961538462
"Belgium",2006,30.2115384615
"Belgium",2007,30.1153846154
"Brazil",1980,
"Brazil",1981,
"Brazil",1982,
"Brazil",1983,
"Brazil",1984,
"Brazil",1985,
"Brazil",1986,
"Brazil",1987,
"Brazil",1988,
"Brazil",1989,
"Brazil",1990,34.5384615385
"Brazil",1991,
"Brazil",1992,
"Brazil",1993,
"Brazil",1994,
"Brazil",1995,
"Brazil",1996,
"Brazil",1997,33.8269230769
"Brazil",1998,
"Brazil",1999,32.4807692308
"Brazil",2000,
"Brazil",2001,
"Brazil",2002,
"Brazil",2003,
"Brazil",2004,
"Brazil",2005,
"Brazil",2006,
"Brazil",2007,
"Canada",1980,34.849999061
"Canada",1981,34.5807682918
"Canada",1982,34.1807697003
"Canada",1983,34
"Canada",1984,34.1076918382
"Canada",1985,34.2653855544
"Canada",1986,34.2326918382
"Canada",1987,34.4346149151
"Canada",1988,34.4711538462
"Canada",1989,34.3557692308
"Canada",1990,34.161538931
"Canada",1991,33.7634605995
"Canada",1992,33.7461547852
"Canada",1993,33.7403846154
"Canada",1994,33.8826927772
"Canada",1995,33.8596144456
"Canada",1996,34.1173072228
"Canada",1997,33.9865394005
"Canada",1998,33.974999061
"Canada",1999,34.0211533767
"Canada",2000,33.9961547852
"Canada",2001,33.8846153846
"Canada",2002,33.5461543157
"Canada",2003,33.3480764536
"Canada",2004,33.7019230769
"Canada",2005,33.4307697003
"Canada",2006,33.4230769231
"Canada",2007,33.3903855544
"Chile",1980,
"Chile",1981,
"Chile",1982,
"Chile",1983,
"Chile",1984,
"Chile",1985,
"Chile",1986,
"Chile",1987,
"Chile",1988,
"Chile",1989,
"Chile",1990,38.1538461538
"Chile",1991,
"Chile",1992,
"Chile",1993,
"Chile",1994,
"Chile",1995,
"Chile",1996,
"Chile",1997,36.6538461538
"Chile",1998,
"Chile",1999,36.5769230769
"Chile",2000,
"Chile",2001,
"Chile",2002,
"Chile",2003,
"Chile",2004,
"Chile",2005,
"Chile",2006,
"Chile",2007,
"Colombia",1980,
"Colombia",1981,
"Colombia",1982,
"Colombia",1983,
"Colombia",1984,
"Colombia",1985,
"Colombia",1986,
"Colombia",1987,
"Colombia",1988,
"Colombia",1989,
"Colombia",1990,
"Colombia",1991,38
"Colombia",1992,
"Colombia",1993,
"Colombia",1994,
"Colombia",1995,37.6923076923
"Colombia",1996,
"Colombia",1997,
"Colombia",1998,
"Colombia",1999,36.75
"Colombia",2000,
"Colombia",2001,
"Colombia",2002,
"Colombia",2003,
"Colombia",2004,
"Colombia",2005,
"Colombia",2006,
"Colombia",2007,
"Costa Rica",1980,
"Costa Rica",1981,
"Costa Rica",1982,
"Costa Rica",1983,
"Costa Rica",1984,
"Costa Rica",1985,
"Costa Rica",1986,
"Costa Rica",1987,
"Costa Rica",1988,
"Costa Rica",1989,
"Costa Rica",1990,35.7884615385
"Costa Rica",1991,
"Costa Rica",1992,
"Costa Rica",1993,
"Costa Rica",1994,
"Costa Rica",1995,
"Costa Rica",1996,
"Costa Rica",1997,35.8846153846
"Costa Rica",1998,
"Costa Rica",1999,35.9615384615
"Costa Rica",2000,
"Costa Rica",2001,
"Costa Rica",2002,
"Costa Rica",2003,
"Costa Rica",2004,
"Costa Rica",2005,
"Costa Rica",2006,
"Costa Rica",2007,
"Czech Republic",1980,
"Czech Republic",1981,
"Czech Republic",1982,
"Czech Republic",1983,
"Czech Republic",1984,
"Czech Republic",1985,
"Czech Republic",1986,
"Czech Republic",1987,
"Czech Republic",1988,
"Czech Republic",1989,
"Czech Republic",1990,
"Czech Republic",1991,
"Czech Republic",1992,
"Czech Republic",1993,39.6865375225
"Czech Republic",1994,39.2923067533
"Czech Republic",1995,39.6980778621
"Czech Republic",1996,39.7269240159
"Czech Republic",1997,39.7461547852
"Czech Republic",1998,39.8961557242
"Czech Republic",1999,40.1461557242
"Czech Republic",2000,40.2365394005
"Czech Republic",2001,38.4530780499
"Czech Republic",2002,38.0788456843
"Czech Republic",2003,37.9173067533
"Czech Republic",2004,38.1903850849
"Czech Republic",2005,38.5019226074
"Czech Republic",2006,38.400000939
"Czech Republic",2007,38.1819223257
"Denmark",1980,31.8980759841
"Denmark",1981,31.375
"Denmark",1982,31.5711529072
"Denmark",1983,31.4961547852
"Denmark",1984,31.3980759841
"Denmark",1985,31.1269226074
"Denmark",1986,31.1903850849
"Denmark",1987,30.525000939
"Denmark",1988,30.1788470928
"Denmark",1989,29.8461538462
"Denmark",1990,29.5903836764
"Denmark",1991,29.4942298302
"Denmark",1992,29.8903855544
"Denmark",1993,29.9076913687
"Denmark",1994,29.7673081618
"Denmark",1995,29.625
"Denmark",1996,29.4365375225
"Denmark",1997,29.6923076923
"Denmark",1998,29.9846144456
"Denmark",1999,30.1730769231
"Denmark",2000,30.411538931
"Denmark",2001,30.5134605995
"Denmark",2002,30.3615394005
"Denmark",2003,30.3173076923
"Denmark",2004,30.3730773926
"Denmark",2005,30.0711529072
"Denmark",2006,30.2653855544
"Denmark",2007,
"Ecuador",1980,
"Ecuador",1981,
"Ecuador",1982,
"Ecuador",1983,
"Ecuador",1984,
"Ecuador",1985,
"Ecuador",1986,
"Ecuador",1987,
"Ecuador",1988,
"Ecuador",1989,
"Ecuador",1990,34.0576923077
"Ecuador",1991,
"Ecuador",1992,
"Ecuador",1993,
"Ecuador",1994,
"Ecuador",1995,37.3653846154
"Ecuador",1996,
"Ecuador",1997,
"Ecuador",1998,36.9807692308
"Ecuador",1999,
"Ecuador",2000,
"Ecuador",2001,
"Ecuador",2002,
"Ecuador",2003,
"Ecuador",2004,
"Ecuador",2005,
"Ecuador",2006,
"Ecuador",2007,
"El Salvador",1980,
"El Salvador",1981,
"El Salvador",1982,
"El Salvador",1983,
"El Salvador",1984,
"El Salvador",1985,
"El Salvador",1986,
"El Salvador",1987,
"El Salvador",1988,
"El Salvador",1989,
"El Salvador",1990,37.2884615385
"El Salvador",1991,
"El Salvador",1992,
"El Salvador",1993,
"El Salvador",1994,
"El Salvador",1995,
"El Salvador",1996,
"El Salvador",1997,35.4038461538
"El Salvador",1998,35.5576923077
"El Salvador",1999,
"El Salvador",2000,
"El Salvador",2001,
"El Salvador",2002,
"El Salvador",2003,
"El Salvador",2004,
"El Salvador",2005,
"El Salvador",2006,
"El Salvador",2007,
"Fiji",1980,
"Fiji",1981,
"Fiji",1982,
"Fiji",1983,
"Fiji",1984,
"Fiji",1985,
"Fiji",1986,
"Fiji",1987,
"Fiji",1988,
"Fiji",1989,
"Fiji",1990,
"Fiji",1991,
"Fiji",1992,
"Fiji",1993,
"Fiji",1994,37.5384615385
"Fiji",1995,
"Fiji",1996,
"Fiji",1997,
"Fiji",1998,
"Fiji",1999,
"Fiji",2000,
"Fiji",2001,
"Fiji",2002,
"Fiji",2003,
"Fiji",2004,
"Fiji",2005,
"Fiji",2006,
"Fiji",2007,
"Finland",1980,35.5634624775
"Finland",1981,35.6692317082
"Finland",1982,35.3903855544
"Finland",1983,35.0519221379
"Finland",1984,34.8788452148
"Finland",1985,34.8730773926
"Finland",1986,34.474999061
"Finland",1987,34.5826932467
"Finland",1988,34.7365394005
"Finland",1989,34.661538931
"Finland",1990,34.025000939
"Finland",1991,33.5903836764
"Finland",1992,33.7096158541
"Finland",1993,33.7557701698
"Finland",1994,34.1307701698
"Finland",1995,34.1538461538
"Finland",1996,34.1269226074
"Finland",1997,34.0480769231
"Finland",1998,33.8615394005
"Finland",1999,33.9365375225
"Finland",2000,33.6480759841
"Finland",2001,33.3442312387
"Finland",2002,33.2288466233
"Finland",2003,33.0750004695
"Finland",2004,33.1480759841
"Finland",2005,33.0326913687
"Finland",2006,32.9519230769
"Finland",2007,32.6538461538
"France",1980,35.4230769231
"France",1981,34.7692307692
"France",1982,33.9423076923
"France",1983,33.8076923077
"France",1984,33.5769230769
"France",1985,33.2884615385
"France",1986,33.0769230769
"France",1987,33
"France",1988,33.0384615385
"France",1989,32.6730769231
"France",1990,32.7307692308
"France",1991,32.5769230769
"France",1992,32.5961538462
"France",1993,32.3461538462
"France",1994,32.2115384615
"France",1995,31.75
"France",1996,31.8269230769
"France",1997,31.7115384615
"France",1998,31.4807692308
"France",1999,31.3461538462
"France",2000,30.5961538462
"France",2001,30.3461538462
"France",2002,29.5384615385
"France",2003,29.4423076923
"France",2004,29.9615384615
"France",2005,29.8076923077
"France",2006,30.1557687613
"France",2007,30.0125004695
"Germany",1980,
"Germany",1981,
"Germany",1982,
"Germany",1983,
"Germany",1984,
"Germany",1985,
"Germany",1986,
"Germany",1987,
"Germany",1988,
"Germany",1989,
"Germany",1990,
"Germany",1991,29.7711533767
"Germany",1992,30.1192298302
"Germany",1993,29.8057697003
"Germany",1994,29.7538452148
"Germany",1995,29.4923072228
"Germany",1996,29.1884624775
"Germany",1997,29.0134605995
"Germany",1998,28.9096163236
"Germany",1999,28.6865375225
"Germany",2000,28.3269230769
"Germany",2001,28.0461543157
"Germany",2002,27.7961543157
"Germany",2003,27.6711543157
"Germany",2004,27.7230764536
"Germany",2005,27.5942312387
"Germany",2006,27.5519221379
"Germany",2007,27.5576923077
"Greece",1980,
"Greece",1981,
"Greece",1982,
"Greece",1983,41.3846153846
"Greece",1984,40.1153846154
"Greece",1985,40.6538461538
"Greece",1986,40.2307692308
"Greece",1987,39.5192307692
"Greece",1988,39.3846153846
"Greece",1989,39.9038461538
"Greece",1990,39.9038461538
"Greece",1991,39.9230769231
"Greece",1992,40.4807692308
"Greece",1993,40.8653846154
"Greece",1994,40.2307692308
"Greece",1995,40.0384615385
"Greece",1996,39.5769230769
"Greece",1997,38.9615384615
"Greece",1998,38.9038461538
"Greece",1999,39.75
"Greece",2000,40
"Greece",2001,40.1153846154
"Greece",2002,40.1346153846
"Greece",2003,40.1346153846
"Greece",2004,39.6153846154
"Greece",2005,39.4807692308
"Greece",2006,
"Greece",2007,
"Honduras",1980,
"Honduras",1981,
"Honduras",1982,
"Honduras",1983,
"Honduras",1984,
"Honduras",1985,
"Honduras",1986,
"Honduras",1987,
"Honduras",1988,
"Honduras",1989,
"Honduras",1990,35.7115384615
"Honduras",1991,
"Honduras",1992,
"Honduras",1993,
"Honduras",1994,
"Honduras",1995,
"Honduras",1996,
"Honduras",1997,34.6923076923
"Honduras",1998,
"Honduras",1999,34.9230769231
"Honduras",2000,
"Honduras",2001,
"Honduras",2002,
"Honduras",2003,
"Honduras",2004,
"Honduras",2005,
"Honduras",2006,
"Honduras",2007,
"Hong Kong",1980,
"Hong Kong",1981,
"Hong Kong",1982,
"Hong Kong",1983,
"Hong Kong",1984,
"Hong Kong",1985,
"Hong Kong",1986,
"Hong Kong",1987,
"Hong Kong",1988,
"Hong Kong",1989,
"Hong Kong",1990,
"Hong Kong",1991,
"Hong Kong",1992,43.9807692308
"Hong Kong",1993,
"Hong Kong",1994,
"Hong Kong",1995,
"Hong Kong",1996,
"Hong Kong",1997,
"Hong Kong",1998,
"Hong Kong",1999,
"Hong Kong",2000,
"Hong Kong",2001,
"Hong Kong",2002,
"Hong Kong",2003,
"Hong Kong",2004,
"Hong Kong",2005,
"Hong Kong",2006,
"Hong Kong",2007,
"Hungary",1980,
"Hungary",1981,
"Hungary",1982,
"Hungary",1983,40.6153846154
"Hungary",1984,39.2115384615
"Hungary",1985,38.6923076923
"Hungary",1986,38.5192307692
"Hungary",1987,39.3653846154
"Hungary",1988,39.25
"Hungary",1989,38.7692307692
"Hungary",1990,37.9807692308
"Hungary",1991,37.3653846154
"Hungary",1992,36.5192307692
"Hungary",1993,36.5192307692
"Hungary",1994,39.0769230769
"Hungary",1995,39.2038456843
"Hungary",1996,39.124615009
"Hungary",1997,39.6057692308
"Hungary",1998,39.4673086313
"Hungary",1999,39.7519249549
"Hungary",2000,39.6384605995
"Hungary",2001,38.8250004695
"Hungary",2002,38.9701913687
"Hungary",2003,38.411538931
"Hungary",2004,38.3940382737
"Hungary",2005,38.3461538462
"Hungary",2006,38.2538452148
"Hungary",2007,38.2000004695
"Iceland",1980,35.8461538462
"Iceland",1981,35.7115384615
"Iceland",1982,35.7692307692
"Iceland",1983,35.7692307692
"Iceland",1984,35.7307692308
"Iceland",1985,35.7115384615
"Iceland",1986,35.5576923077
"Iceland",1987,35.5192307692
"Iceland",1988,35.6730769231
"Iceland",1989,35.5769230769
"Iceland",1990,35.3653846154
"Iceland",1991,35.4423076923
"Iceland",1992,35.75
"Iceland",1993,35.1538461538
"Iceland",1994,34.8653846154
"Iceland",1995,35.2307692308
"Iceland",1996,35.7692307692
"Iceland",1997,35.3653846154
"Iceland",1998,34.9423076923
"Iceland",1999,36.0192307692
"Iceland",2000,36.25
"Iceland",2001,35.5192307692
"Iceland",2002,34.8461538462
"Iceland",2003,34.75
"Iceland",2004,34.8076923077
"Iceland",2005,34.5
"Iceland",2006,34.5192307692
"Iceland",2007,34.75
"Ireland",1980,
"Ireland",1981,
"Ireland",1982,
"Ireland",1983,38.0961538462
"Ireland",1984,37.7692307692
"Ireland",1985,37.9038461538
"Ireland",1986,38.5384615385
"Ireland",1987,38.1538461538
"Ireland",1988,38.3076923077
"Ireland",1989,38.4423076923
"Ireland",1990,38.2307692308
"Ireland",1991,37.5769230769
"Ireland",1992,36.6923076923
"Ireland",1993,36.2115384615
"Ireland",1994,36.2115384615
"Ireland",1995,36.0576923077
"Ireland",1996,36.1923076923
"Ireland",1997,35.2307692308
"Ireland",1998,33.7115384615
"Ireland",1999,33.1730769231
"Ireland",2000,33.0576923077
"Ireland",2001,32.8653846154
"Ireland",2002,32.5961538462
"Ireland",2003,32.1346153846
"Ireland",2004,32.0769230769
"Ireland",2005,31.8076923077
"Ireland",2006,31.5384615385
"Ireland",2007,31.3461538462
"Italy",1980,35.7463472806
"Italy",1981,35.8673072228
"Italy",1982,36.0869234525
"Italy",1983,36.0728853666
"Italy",1984,35.8732698881
"Italy",1985,35.8059621958
"Italy",1986,35.9684612568
"Italy",1987,36.336730957
"Italy",1988,36.4073087252
"Italy",1989,36.1017315204
"Italy",1990,35.8955758902
"Italy",1991,35.7617304875
"Italy",1992,35.8223078801
"Italy",1993,35.8196152907
"Italy",1994,35.7030780499
"Italy",1995,35.7473074106
"Italy",1996,36.0201932467
"Italy",1997,35.8300006573
"Italy",1998,36.1476933406
"Italy",1999,36.0688453087
"Italy",2000,35.7949993427
"Italy",2001,35.4436528133
"Italy",2002,35.2109609751
"Italy",2003,35.1074993427
"Italy",2004,35.1163470928
"Italy",2005,34.975769043
"Italy",2006,34.886537992
"Italy",2007,35.0705777682
"Japan",1980,40.7884615385
"Japan",1981,40.5
"Japan",1982,40.4615384615
"Japan",1983,40.2884615385
"Japan",1984,40.5384615385
"Japan",1985,40.25
"Japan",1986,40.3269230769
"Japan",1987,40.3076923077
"Japan",1988,40.2307692308
"Japan",1989,39.8076923077
"Japan",1990,39.0576923077
"Japan",1991,38.4230769231
"Japan",1992,37.7884615385
"Japan",1993,36.6346153846
"Japan",1994,36.5
"Japan",1995,36.2307692308
"Japan",1996,36.3846153846
"Japan",1997,35.8653846154
"Japan",1998,35.4230769231
"Japan",1999,34.8153850849
"Japan",2000,35.025000939
"Japan",2001,34.7884615385
"Japan",2002,34.5769230769
"Japan",2003,34.588461069
"Japan",2004,34.3653846154
"Japan",2005,34.1346153846
"Japan",2006,34.3076923077
"Japan",2007,34.3269230769
"South Korea",1980,55.3076923077
"South Korea",1981,55.6153846154
"South Korea",1982,55.8653846154
"South Korea",1983,56.2115384615
"South Korea",1984,56.1346153846
"South Korea",1985,55.6538461538
"South Korea",1986,56.2115384615
"South Korea",1987,55.6153846154
"South Korea",1988,54.7307692308
"South Korea",1989,52.7307692308
"South Korea",1990,51.6923076923
"South Korea",1991,51.3846153846
"South Korea",1992,50.9615384615
"South Korea",1993,51.2884615385
"South Korea",1994,50.9807692308
"South Korea",1995,51.1153846154
"South Korea",1996,50.9230769231
"South Korea",1997,49.8461538462
"South Korea",1998,48
"South Korea",1999,48.1153846154
"South Korea",2000,48.4615384615
"South Korea",2001,48.1923076923
"South Korea",2002,47.4038461538
"South Korea",2003,46.8076923077
"South Korea",2004,46.0384615385
"South Korea",2005,45.2653855544
"South Korea",2006,44.3269230769
"South Korea",2007,
"Luxembourg",1980,
"Luxembourg",1981,
"Luxembourg",1982,
"Luxembourg",1983,34.2115384615
"Luxembourg",1984,33.9230769231
"Luxembourg",1985,34
"Luxembourg",1986,33.8269230769
"Luxembourg",1987,33.7884615385
"Luxembourg",1988,34.2115384615
"Luxembourg",1989,33.9807692308
"Luxembourg",1990,33.9615384615
"Luxembourg",1991,33.5961538462
"Luxembourg",1992,33.1538461538
"Luxembourg",1993,33.3076923077
"Luxembourg",1994,32.8653846154
"Luxembourg",1995,33.0576923077
"Luxembourg",1996,32.5192307692
"Luxembourg",1997,32.2692307692
"Luxembourg",1998,32.1538461538
"Luxembourg",1999,32.0961538462
"Luxembourg",2000,31.9615384615
"Luxembourg",2001,31.6538461538
"Luxembourg",2002,31.4230769231
"Luxembourg",2003,31.3461538462
"Luxembourg",2004,30.5
"Luxembourg",2005,30.1923076923
"Luxembourg",2006,30.8461538462
"Luxembourg",2007,29.6538461538
"Malaysia",1980,
"Malaysia",1981,
"Malaysia",1982,
"Malaysia",1983,
"Malaysia",1984,
"Malaysia",1985,
"Malaysia",1986,
"Malaysia",1987,
"Malaysia",1988,
"Malaysia",1989,
"Malaysia",1990,
"Malaysia",1991,
"Malaysia",1992,
"Malaysia",1993,
"Malaysia",1994,43.1538461538
"Malaysia",1995,
"Malaysia",1996,
"Malaysia",1997,
"Malaysia",1998,
"Malaysia",1999,
"Malaysia",2000,
"Malaysia",2001,
"Malaysia",2002,
"Malaysia",2003,
"Malaysia",2004,
"Malaysia",2005,
"Malaysia",2006,
"Malaysia",2007,
"Mexico",1980,
"Mexico",1981,
"Mexico",1982,
"Mexico",1983,
"Mexico",1984,
"Mexico",1985,
"Mexico",1986,
"Mexico",1987,
"Mexico",1988,
"Mexico",1989,
"Mexico",1990,33.9807692308
"Mexico",1991,35.036538931
"Mexico",1992,
"Mexico",1993,35.025000939
"Mexico",1994,
"Mexico",1995,35.7192312387
"Mexico",1996,36.5750004695
"Mexico",1997,37.0499995305
"Mexico",1998,36.1153846154
"Mexico",1999,36.9596158541
"Mexico",2000,36.3096149151
"Mexico",2001,35.8519240159
"Mexico",2002,36.3096149151
"Mexico",2003,35.7153836764
"Mexico",2004,35.5499995305
"Mexico",2005,36.713461069
"Mexico",2006,36.2153836764
"Mexico",2007,35.9888469989
"Nepal",1980,
"Nepal",1981,
"Nepal",1982,
"Nepal",1983,
"Nepal",1984,
"Nepal",1985,
"Nepal",1986,
"Nepal",1987,
"Nepal",1988,
"Nepal",1989,
"Nepal",1990,
"Nepal",1991,
"Nepal",1992,
"Nepal",1993,
"Nepal",1994,37.5961538462
"Nepal",1995,
"Nepal",1996,
"Nepal",1997,
"Nepal",1998,
"Nepal",1999,
"Nepal",2000,
"Nepal",2001,
"Nepal",2002,
"Nepal",2003,
"Nepal",2004,
"Nepal",2005,
"Nepal",2006,
"Nepal",2007,
"Netherlands",1980,
"Netherlands",1981,
"Netherlands",1982,
"Netherlands",1983,
"Netherlands",1984,
"Netherlands",1985,
"Netherlands",1986,
"Netherlands",1987,29.6153846154
"Netherlands",1988,29.0192307692
"Netherlands",1989,28.7884615385
"Netherlands",1990,28.9230769231
"Netherlands",1991,28.2884615385
"Netherlands",1992,27.8269230769
"Netherlands",1993,27.2884615385
"Netherlands",1994,27.1346153846
"Netherlands",1995,26.75
"Netherlands",1996,27.3269230769
"Netherlands",1997,27.1923076923
"Netherlands",1998,26.9230769231
"Netherlands",1999,26.5576923077
"Netherlands",2000,26.3846153846
"Netherlands",2001,26.3846153846
"Netherlands",2002,25.9230769231
"Netherlands",2003,26.2115384615
"Netherlands",2004,26.1923076923
"Netherlands",2005,26.4423076923
"Netherlands",2006,26.75
"Netherlands",2007,26.7692307692
"New Zealand",1980,
"New Zealand",1981,
"New Zealand",1982,
"New Zealand",1983,
"New Zealand",1984,
"New Zealand",1985,
"New Zealand",1986,35.2673081618
"New Zealand",1987,35.3557692308
"New Zealand",1988,35.2038456843
"New Zealand",1989,35.0134605995
"New Zealand",1990,34.8076923077
"New Zealand",1991,34.4769240159
"New Zealand",1992,34.6211547852
"New Zealand",1993,35.6557687613
"New Zealand",1994,35.5480769231
"New Zealand",1995,35.4153841459
"New Zealand",1996,35.2538452148
"New Zealand",1997,35.0096153846
"New Zealand",1998,35.0846158541
"New Zealand",1999,35.3423086313
"New Zealand",2000,35.1942302997
"New Zealand",2001,34.9480778621
"New Zealand",2002,34.9403850849
"New Zealand",2003,34.8576918382
"New Zealand",2004,35.1269226074
"New Zealand",2005,34.8096149151
"New Zealand",2006,34.363462008
"New Zealand",2007,34.0653850849
"Nicaragua",1980,
"Nicaragua",1981,
"Nicaragua",1982,
"Nicaragua",1983,
"Nicaragua",1984,
"Nicaragua",1985,
"Nicaragua",1986,
"Nicaragua",1987,
"Nicaragua",1988,
"Nicaragua",1989,
"Nicaragua",1990,
"Nicaragua",1991,
"Nicaragua",1992,
"Nicaragua",1993,34.3846153846
"Nicaragua",1994,
"Nicaragua",1995,
"Nicaragua",1996,
"Nicaragua",1997,37.0576923077
"Nicaragua",1998,
"Nicaragua",1999,37.3653846154
"Nicaragua",2000,
"Nicaragua",2001,
"Nicaragua",2002,
"Nicaragua",2003,
"Nicaragua",2004,
"Nicaragua",2005,
"Nicaragua",2006,
"Nicaragua",2007,
"Norway",1980,30.3788452148
"Norway",1981,30.1961529072
"Norway",1982,29.9788466233
"Norway",1983,29.8692298302
"Norway",1984,29.7730759841
"Norway",1985,29.6576913687
"Norway",1986,29.5807682918
"Norway",1987,29.0499995305
"Norway",1988,29.1019240159
"Norway",1989,29.0480769231
"Norway",1990,28.8961533767
"Norway",1991,28.8519240159
"Norway",1992,29.0403841459
"Norway",1993,28.9788466233
"Norway",1994,28.9403850849
"Norway",1995,28.6115394005
"Norway",1996,28.511537992
"Norway",1997,28.4134615385
"Norway",1998,28.3769226074
"Norway",1999,28.3346158541
"Norway",2000,27.9846144456
"Norway",2001,27.4826918382
"Norway",2002,27.1942302997
"Norway",2003,26.8961533767
"Norway",2004,27.2557701698
"Norway",2005,27.3076923077
"Norway",2006,27.0807682918
"Norway",2007,27.136537992
"Pakistan",1980,
"Pakistan",1981,
"Pakistan",1982,
"Pakistan",1983,
"Pakistan",1984,
"Pakistan",1985,
"Pakistan",1986,
"Pakistan",1987,
"Pakistan",1988,
"Pakistan",1989,
"Pakistan",1990,
"Pakistan",1991,
"Pakistan",1992,
"Pakistan",1993,
"Pakistan",1994,33.1346153846
"Pakistan",1995,
"Pakistan",1996,
"Pakistan",1997,
"Pakistan",1998,
"Pakistan",1999,
"Pakistan",2000,
"Pakistan",2001,
"Pakistan",2002,
"Pakistan",2003,
"Pakistan",2004,
"Pakistan",2005,
"Pakistan",2006,
"Pakistan",2007,
"Panama",1980,
"Panama",1981,
"Panama",1982,
"Panama",1983,
"Panama",1984,
"Panama",1985,
"Panama",1986,
"Panama",1987,
"Panama",1988,
"Panama",1989,
"Panama",1990,32.8846153846
"Panama",1991,
"Panama",1992,
"Panama",1993,
"Panama",1994,
"Panama",1995,
"Panama",1996,
"Panama",1997,33.6730769231
"Panama",1998,
"Panama",1999,33.3461538462
"Panama",2000,
"Panama",2001,
"Panama",2002,
"Panama",2003,
"Panama",2004,
"Panama",2005,
"Panama",2006,
"Panama",2007,
"Paraguay",1980,
"Paraguay",1981,
"Paraguay",1982,
"Paraguay",1983,
"Paraguay",1984,
"Paraguay",1985,
"Paraguay",1986,
"Paraguay",1987,
"Paraguay",1988,
"Paraguay",1989,
"Paraguay",1990,39.0192307692
"Paraguay",1991,
"Paraguay",1992,
"Paraguay",1993,
"Paraguay",1994,
"Paraguay",1995,
"Paraguay",1996,
"Paraguay",1997,36.3461538462
"Paraguay",1998,
"Paraguay",1999,
"Paraguay",2000,
"Paraguay",2001,
"Paraguay",2002,
"Paraguay",2003,
"Paraguay",2004,
"Paraguay",2005,
"Paraguay",2006,
"Paraguay",2007,
"Peru",1980,
"Peru",1981,
"Peru",1982,
"Peru",1983,
"Peru",1984,
"Peru",1985,
"Peru",1986,
"Peru",1987,
"Peru",1988,
"Peru",1989,
"Peru",1990,
"Peru",1991,37.7692307692
"Peru",1992,
"Peru",1993,
"Peru",1994,
"Peru",1995,
"Peru",1996,
"Peru",1997,38.5576923077
"Peru",1998,40.2115384615
"Peru",1999,
"Peru",2000,
"Peru",2001,
"Peru",2002,
"Peru",2003,
"Peru",2004,
"Peru",2005,
"Peru",2006,
"Peru",2007,
"Poland",1980,
"Poland",1981,
"Poland",1982,
"Poland",1983,
"Poland",1984,
"Poland",1985,
"Poland",1986,
"Poland",1987,
"Poland",1988,
"Poland",1989,
"Poland",1990,
"Poland",1991,
"Poland",1992,
"Poland",1993,
"Poland",1994,
"Poland",1995,
"Poland",1996,
"Poland",1997,
"Poland",1998,
"Poland",1999,
"Poland",2000,38.2307692308
"Poland",2001,37.9615384615
"Poland",2002,38.0576923077
"Poland",2003,38.1538461538
"Poland",2004,38.1346153846
"Poland",2005,38.3461538462
"Poland",2006,38.1730769231
"Poland",2007,38
"Portugal",1980,
"Portugal",1981,
"Portugal",1982,
"Portugal",1983,
"Portugal",1984,
"Portugal",1985,
"Portugal",1986,37.3653846154
"Portugal",1987,37.6730769231
"Portugal",1988,37.6346153846
"Portugal",1989,38
"Portugal",1990,37.7307692308
"Portugal",1991,36.3076923077
"Portugal",1992,35.6346153846
"Portugal",1993,35.5769230769
"Portugal",1994,35.3461538462
"Portugal",1995,36.4807692308
"Portugal",1996,35.5384615385
"Portugal",1997,34.8461538462
"Portugal",1998,34.5961538462
"Portugal",1999,34.8461538462
"Portugal",2000,33.9423076923
"Portugal",2001,34.0192307692
"Portugal",2002,33.9807692308
"Portugal",2003,33.5
"Portugal",2004,33.9038461538
"Portugal",2005,33.6923076923
"Portugal",2006,33.8076923077
"Portugal",2007,33.2307692308
"Slovakia",1980,
"Slovakia",1981,
"Slovakia",1982,
"Slovakia",1983,
"Slovakia",1984,
"Slovakia",1985,
"Slovakia",1986,
"Slovakia",1987,
"Slovakia",1988,
"Slovakia",1989,
"Slovakia",1990,
"Slovakia",1991,
"Slovakia",1992,
"Slovakia",1993,
"Slovakia",1994,35.6461533767
"Slovakia",1995,36.1423081618
"Slovakia",1996,35.375
"Slovakia",1997,35.2653855544
"Slovakia",1998,34.5730778621
"Slovakia",1999,34.7769235464
"Slovakia",2000,34.8288456843
"Slovakia",2001,34.5961538462
"Slovakia",2002,33.5846158541
"Slovakia",2003,32.1730769231
"Slovakia",2004,32.8365384615
"Slovakia",2005,33.488462008
"Slovakia",2006,33.6346153846
"Slovakia",2007,
"Spain",1980,36.7769235464
"Spain",1981,36.1211547852
"Spain",1982,35.7173086313
"Spain",1983,35.1038466233
"Spain",1984,34.2423072228
"Spain",1985,34.0519221379
"Spain",1986,33.9134615385
"Spain",1987,33.7461547852
"Spain",1988,33.6788470928
"Spain",1989,33.4500004695
"Spain",1990,33.4807692308
"Spain",1991,33.6480759841
"Spain",1992,33.4923072228
"Spain",1993,33.3403836764
"Spain",1994,33.3307682918
"Spain",1995,33.3250004695
"Spain",1996,33.2403846154
"Spain",1997,33.238462008
"Spain",1998,33.2999995305
"Spain",1999,33.3096149151
"Spain",2000,33.2807687613
"Spain",2001,33.2038456843
"Spain",2002,33.0942312387
"Spain",2003,32.8038470928
"Spain",2004,32.5057701698
"Spain",2005,32.1519235464
"Spain",2006,31.8211529072
"Spain",2007,31.7730759841
"Sri Lanka",1980,
"Sri Lanka",1981,
"Sri Lanka",1982,
"Sri Lanka",1983,
"Sri Lanka",1984,
"Sri Lanka",1985,
"Sri Lanka",1986,
"Sri Lanka",1987,
"Sri Lanka",1988,
"Sri Lanka",1989,
"Sri Lanka",1990,
"Sri Lanka",1991,
"Sri Lanka",1992,
"Sri Lanka",1993,
"Sri Lanka",1994,44
"Sri Lanka",1995,
"Sri Lanka",1996,
"Sri Lanka",1997,
"Sri Lanka",1998,
"Sri Lanka",1999,
"Sri Lanka",2000,
"Sri Lanka",2001,
"Sri Lanka",2002,
"Sri Lanka",2003,
"Sri Lanka",2004,
"Sri Lanka",2005,
"Sri Lanka",2006,
"Sri Lanka",2007,
"Sweden",1980,29.1692317082
"Sweden",1981,29.0076927772
"Sweden",1982,29.2788461538
"Sweden",1983,29.4576932467
"Sweden",1984,29.5
"Sweden",1985,29.5788456843
"Sweden",1986,29.5403841459
"Sweden",1987,29.7346144456
"Sweden",1988,30.1115394005
"Sweden",1989,30.088461069
"Sweden",1990,30.0173081618
"Sweden",1991,29.7634605995
"Sweden",1992,30.1019240159
"Sweden",1993,30.7100008451
"Sweden",1994,30.9224994366
"Sweden",1995,30.9453852727
"Sweden",1996,31.0286536584
"Sweden",1997,32.2136535645
"Sweden",1998,31.6540386493
"Sweden",1999,31.0182682918
"Sweden",2000,30.2773085374
"Sweden",2001,29.3571143517
"Sweden",2002,29.5073077862
"Sweden",2003,29.9817317082
"Sweden",2004,30.2809612568
"Sweden",2005,30.9025010329
"Sweden",2006,30.3036545974
"Sweden",2007,30.0330763597
"Switzerland",1980,34.7038456843
"Switzerland",1981,34.3346158541
"Switzerland",1982,34.1230773926
"Switzerland",1983,33.8423086313
"Switzerland",1984,33.4788466233
"Switzerland",1985,33.3596144456
"Switzerland",1986,33.1961529072
"Switzerland",1987,33.1730769231
"Switzerland",1988,33.1626915565
"Switzerland",1989,32.8730773926
"Switzerland",1990,32.6913452148
"Switzerland",1991,32.6469233586
"Switzerland",1992,32.8359609751
"Switzerland",1993,32.7711533767
"Switzerland",1994,33.1721144456
"Switzerland",1995,32.738462008
"Switzerland",1996,32.2000004695
"Switzerland",1997,31.9538456843
"Switzerland",1998,32.0923086313
"Switzerland",1999,32.5065378042
"Switzerland",2000,32.3961533767
"Switzerland",2001,31.6576913687
"Switzerland",2002,31.3326932467
"Switzerland",2003,31.525000939
"Switzerland",2004,32.099999061
"Switzerland",2005,32.1038466233
"Switzerland",2006,31.8711547852
"Switzerland",2007,
"Thailand",1980,
"Thailand",1981,
"Thailand",1982,
"Thailand",1983,
"Thailand",1984,
"Thailand",1985,
"Thailand",1986,
"Thailand",1987,
"Thailand",1988,
"Thailand",1989,
"Thailand",1990,
"Thailand",1991,
"Thailand",1992,
"Thailand",1993,
"Thailand",1994,42.8461538462
"Thailand",1995,
"Thailand",1996,
"Thailand",1997,
"Thailand",1998,
"Thailand",1999,
"Thailand",2000,
"Thailand",2001,
"Thailand",2002,
"Thailand",2003,
"Thailand",2004,
"Thailand",2005,
"Thailand",2006,
"Thailand",2007,
"Turkey",1980,
"Turkey",1981,
"Turkey",1982,
"Turkey",1983,
"Turkey",1984,
"Turkey",1985,
"Turkey",1986,
"Turkey",1987,
"Turkey",1988,
"Turkey",1989,
"Turkey",1990,
"Turkey",1991,
"Turkey",1992,
"Turkey",1993,
"Turkey",1994,
"Turkey",1995,
"Turkey",1996,
"Turkey",1997,
"Turkey",1998,
"Turkey",1999,
"Turkey",2000,
"Turkey",2001,
"Turkey",2002,
"Turkey",2003,
"Turkey",2004,36.8846153846
"Turkey",2005,36.8846153846
"Turkey",2006,
"Turkey",2007,
"United Kingdom",1980,34.0865384615
"United Kingdom",1981,32.988462008
"United Kingdom",1982,33.275000939
"United Kingdom",1983,33.011537992
"United Kingdom",1984,33.3192302997
"United Kingdom",1985,33.9538456843
"United Kingdom",1986,34.0057701698
"United Kingdom",1987,33.7999995305
"United Kingdom",1988,34.5730778621
"United Kingdom",1989,34.3423086313
"United Kingdom",1990,34.0519221379
"United Kingdom",1991,33.9901921199
"United Kingdom",1992,33.3153850849
"United Kingdom",1993,33.1942302997
"United Kingdom",1994,33.463461069
"United Kingdom",1995,33.511537992
"United Kingdom",1996,33.4923072228
"United Kingdom",1997,33.4709613507
"United Kingdom",1998,33.3538466233
"United Kingdom",1999,33.1307701698
"United Kingdom",2000,32.911538931
"United Kingdom",2001,32.9673086313
"United Kingdom",2002,32.6096144456
"United Kingdom",2003,32.2461547852
"United Kingdom",2004,32.1519235464
"United Kingdom",2005,32.2269240159
"United Kingdom",2006,32.0903836764
"United Kingdom",2007,32.1153846154
"United States",1980,34.8076923077
"United States",1981,34.6346153846
"United States",1982,34.5576923077
"United States",1983,34.9230769231
"United States",1984,35.2692307692
"United States",1985,35.2307692308
"United States",1986,35.0961538462
"United States",1987,35.1923076923
"United States",1988,35.25
"United States",1989,35.4807692308
"United States",1990,35.1346153846
"United States",1991,34.9038461538
"United States",1992,34.9230769231
"United States",1993,35.0961538462
"United States",1994,35.25
"United States",1995,35.3846153846
"United States",1996,35.2307692308
"United States",1997,35.4230769231
"United States",1998,35.4423076923
"United States",1999,35.4615384615
"United States",2000,35.2307692308
"United States",2001,34.8269230769
"United States",2002,34.75
"United States",2003,34.5576923077
"United States",2004,34.5961538462
"United States",2005,34.5192307692
"United States",2006,34.5576923077
"United States",2007,34.5
"Uruguay",1980,
"Uruguay",1981,
"Uruguay",1982,
"Uruguay",1983,
"Uruguay",1984,
"Uruguay",1985,
"Uruguay",1986,
"Uruguay",1987,
"Uruguay",1988,
"Uruguay",1989,
"Uruguay",1990,34.3846153846
"Uruguay",1991,
"Uruguay",1992,
"Uruguay",1993,
"Uruguay",1994,
"Uruguay",1995,
"Uruguay",1996,
"Uruguay",1997,33.5192307692
"Uruguay",1998,
"Uruguay",1999,33.1153846154
"Uruguay",2000,
"Uruguay",2001,
"Uruguay",2002,
"Uruguay",2003,
"Uruguay",2004,
"Uruguay",2005,
"Uruguay",2006,
"Uruguay",2007,
"Venezuela",1980,
"Venezuela",1981,
"Venezuela",1982,
"Venezuela",1983,
"Venezuela",1984,
"Venezuela",1985,
"Venezuela",1986,
"Venezuela",1987,
"Venezuela",1988,
"Venezuela",1989,
"Venezuela",1990,
"Venezuela",1991,
"Venezuela",1992,
"Venezuela",1993,
"Venezuela",1994,
"Venezuela",1995,
"Venezuela",1996,
"Venezuela",1997,33.5192307692
"Venezuela",1998,
"Venezuela",1999,32.1730769231
"Venezuela",2000,
"Venezuela",2001,
"Venezuela",2002,
"Venezuela",2003,
"Venezuela",2004,
"Venezuela",2005,
"Venezuela",2006,
"Venezuela",2007,
